{"cameraMode":{"drawMode":0,"name":"Shaded","section":"Shading Mode"},"sceneLighting":false,"audioPlay":false,"sceneViewState":{"showFog":true,"showMaterialUpdate":false,"showSkybox":false,"showFlares":true,"showImageEffects":true,"showParticleSystems":true},"in2DMode":false,"pivot":{"x":-10.867813110351563,"y":-8.457542419433594,"z":24.16624641418457},"rotation":{"x":0.3220052719116211,"y":-0.11324603110551834,"z":0.03882826119661331,"w":0.9391442537307739},"size":26.25279426574707,"orthographic":false}