{"cameraMode":{"drawMode":0,"name":"Shaded","section":"Shading Mode"},"sceneLighting":true,"audioPlay":false,"sceneViewState":{"showFog":true,"showMaterialUpdate":false,"showSkybox":false,"showFlares":true,"showImageEffects":true,"showParticleSystems":true},"in2DMode":false,"pivot":{"x":104.06341552734375,"y":-9.298110961914063,"z":-6.069014072418213},"rotation":{"x":0.5750189423561096,"y":-0.09445398300886154,"z":0.0670616403222084,"w":0.8098990321159363},"size":3.9577858448028566,"orthographic":false}