{"cameraMode":{"drawMode":0,"name":"Shaded","section":"Shading Mode"},"sceneLighting":true,"audioPlay":false,"sceneViewState":{"showFog":true,"showMaterialUpdate":false,"showSkybox":false,"showFlares":true,"showImageEffects":true,"showParticleSystems":true},"in2DMode":false,"pivot":{"x":-0.3765065670013428,"y":-1.4885339736938477,"z":-59.99797058105469},"rotation":{"x":0.4276463985443115,"y":0.006237157620489597,"z":-0.0029504699632525446,"w":0.9039210081100464},"size":4.257784843444824,"orthographic":false}